"BILL OF MATERIAL";
"------------------------------";
"board:";"display_array";

"created by";"STOCK MANAGER";"V013";
"contact:";"www.blunk-electronic.de";
"date:";"2015-10-27 10:44:02";"(YYYY-MM-DD HH:MM:SS)";

"part count SMD:";"58";
"part count THT:";"61";
"part count TOTAL:";"119";

"POS.";"QTY";"PART_NAME";"PART_CODE_BEL";"PART_ID";"MANUFACTURER / PART_CODE";"MANUFACTURER / PART_CODE";"MANUFACTURER / PART_CODE";"PRICE_NET_MIN";"PRICE_NET_MAX";

"1";"17";"C101, C201, C301, C401, C501, C601, C701, C801, C901, C1001, C1205, C1206, C1305, C1306, C1601, C1602, C1603";"C_PAC_S_0805_VAL_100n";"13";"AVX / 08055C104JAT2A";"n/a / n/a";"n/a / n/a";"0.17";"0.68";
"2";"8";"C1201, C1202, C1203, C1204, C1301, C1302, C1303, C1304";"C_PAC_T_RADIAL_5mm_GRID_2.54mm_VAL_10u_Vmax_35V";"37";"PANASONIC / ECA1VAD100X";"n/a / n/a";"n/a / n/a";"0.24";"1.92";
"3";"2";"C1401, C1402";"C_PAC_T_RADIAL_7mm_GRID_2.54mm_VAL_100u_Vmax_35V";"40";"RUBYCON / 35PK100MEFC6.3X11";"n/a / n/a";"n/a / n/a";"0.06";"0.56";
"4";"1";"C1604";"C_PAC_S_0805_VAL_10n";"15";"AVX / 08055C103JAT2A";"YAGEO / CC0805JRX7R9BB103";"n/a / n/a";"0.01";"0.02";
"5";"1";"D1401";"D_PAC_T_DO201_GRID_18MM_VAL_1N5400";"498";"MICRO-COMMERCIAL / 1N5400-TP";"n/a / n/a";"n/a / n/a";"0.25";"0.25";
"6";"1";"D1601";"D_PAC_T_DO204_GRID_10mm_VAL_BAT48";"47";"VISHAY / BAT48-TAP";"n/a / n/a";"n/a / n/a";"0.09";"0.09";
"7";"8";"DIS101, DIS201, DIS301, DIS401, DIS501, DIS601, DIS701, DIS801";"DIS_PAC_T_VQB71_VAL_VQB71";"501";"RFT / VQB71";"n/a / n/a";"n/a / n/a";"8.00";"8.00";
"8";"8";"IC101, IC201, IC301, IC401, IC501, IC601, IC701, IC801";"IC_PAC_S_SOIC16_VAL_PCF8574T";"329";"NXP / PCF8574T";"n/a / n/a";"n/a / n/a";"8.80";"8.80";
"9";"2";"IC901, IC1001";"IC_PAC_S_SOIC16_VAL_PCF8574AT";"502";"NXP / PCF8574AT/3,512";"n/a / n/a";"n/a / n/a";"2.20";"2.20";
"10";"4";"IC1201, IC1202, IC1301, IC1302";"IC_PAC_T_NDIP14_VAL_SN7400N";"495";"TI / SN7400N";"n/a / n/a";"n/a / n/a";"0.00";"0.00";
"11";"1";"IC1601";"IC_PAC_T_NDIP8_VAL_NE555V";"497";"TI / LM555CN/NOPB";"n/a / n/a";"n/a / n/a";"1.00";"1.00";
"12";"7";"LED901, LED902, LED903, LED908, LED911, LED912, LED913";"LED_PAC_S_0805_VAL_red";"99";"WURTH / 150080RS75000";"n/a / n/a";"n/a / n/a";"1.40";"1.96";
"13";"3";"LED904, LED905, LED1401";"LED_PAC_S_0805_VAL_green";"98";"WURTH / 150080VS75000";"n/a / n/a";"n/a / n/a";"0.30";"0.99";
"14";"2";"LED906, LED907";"LED_PAC_S_0805_VAL_yellow";"100";"WURTH / 150080YS75000";"n/a / n/a";"n/a / n/a";"0.20";"0.52";
"15";"2";"LED909, LED910";"LED_PAC_S_0805_VAL_blue";"97";"WURTH / 150080BS75000";"n/a / n/a";"n/a / n/a";"0.20";"0.56";
"16";"3";"R901, R902, R903";"R_PAC_S_0805_VAL_1k5";"150";"VISHAY / CRCW08051K50FKEA";"n/a / n/a";"n/a / n/a";"0.06";"0.09";
"17";"2";"R904, R905";"R_PAC_S_0805_VAL_750";"169";"PANASONIC / ERJ6GEYJ751V";"n/a / n/a";"n/a / n/a";"0.04";"0.06";
"18";"2";"R906, R907";"R_PAC_S_0805_VAL_2k2";"503";"YAEGO / RC0805JR-072K2L";"n/a / n/a";"n/a / n/a";"0.20";"0.20";
"19";"1";"R908";"R_PAC_S_0805_VAL_3k3";"160";"unknown / MC 0.1W 0805 5% 3K3";"n/a / n/a";"n/a / n/a";"0.00";"0.00";
"20";"2";"R909, R910";"R_PAC_S_0805_VAL_2k4";"155";"PANASONIC / ERJ6GEYJ242V";"n/a / n/a";"n/a / n/a";"0.02";"0.04";
"21";"1";"R1401";"R_PAC_S_0805_VAL_220";"505";"YAEGO / RC0805JR-07220RL";"n/a / n/a";"n/a / n/a";"0.10";"0.10";
"22";"1";"R1601";"R_PAC_S_0805_VAL_10k";"143";"multicomp / MC 0.1W 0805 5% 10K";"n/a / n/a";"n/a / n/a";"0.04";"0.05";
"23";"1";"R1602";"R_PAC_S_0805_VAL_470k";"475";"BOURNS / CR0805-JW-474ELF";"n/a / n/a";"n/a / n/a";"0.10";"0.10";
"24";"1";"R1603";"R_PAC_S_0805_VAL_1k";"149";"MULTICOMP / MCHP05W4F1001T5E";"n/a / n/a";"n/a / n/a";"0.08";"0.10";
"25";"18";"RN101, RN102, RN201, RN202, RN301, RN302, RN401, RN402, RN501, RN502, RN601, RN602, RN701, RN702, RN801, RN802, RN1001, RN1002";"RN_PAC_T_SIL8_VAL_100";"112";"unknown / 4608X-102-101LF";"n/a / n/a";"n/a / n/a";"0.00";"0.00";
"26";"4";"RN1201, RN1202, RN1301, RN1302";"RN_PAC_T_SIL8_VAL_220";"506";"VISHAY / CSC08A03220RGEK";"n/a / n/a";"n/a / n/a";"2.00";"2.00";
"27";"2";"RN1203, RN1303";"RN_PAC_T_SIL8_VAL_4k7";"443";"BI TECHNOLOGIES / L 08-3S 2% 4,7 K";"n/a / n/a";"n/a / n/a";"0.12";"0.12";
"28";"8";"S1501, S1502, S1503, S1504, S1505, S1506, S1507, S1508";"S_PAC_T_PUSH_BUTTON_6X6MM";"507";"NAMAE / JPT-1130A";"n/a / n/a";"n/a / n/a";"1.20";"1.20";
"29";"2";"T1601, T1602";"T_PAC_S_SOT23_VAL_NX2301P";"204";"unknown / NX2301P";"n/a / n/a";"n/a / n/a";"0.14";"0.18";
"30";"1";"X1401";"X_PAC_T_CLAMP_1X4_5mm";"236";"unknown / AST0250404";"n/a / n/a";"n/a / n/a";"0.00";"0.00";
"31";"2";"X1402, X1501";"X_PAC_T_MALE_2X13_VERTICAL_GRID_2.54mm";"254";"molex / 90131-0773";"n/a / n/a";"n/a / n/a";"2.16";"2.16";
"32";"1";"X1403";"X_PAC_T_MALE_1X3_VERTICAL_GRID_2.54MM";"264";"TE / 826926-3";"n/a / n/a";"n/a / n/a";"0.10";"0.10";
"----------";"----------";"----------";"----------";"----------";"----------";"----------";"----------";"----------";"----------";
;;;;;;;;"29.28";"34.05";
"END OF BOM";
